<modification>
	<id>Forget Password Modifications</id>
	<version>2</version>
	<vqmver>2.5.0</vqmver>
	<author>Kareem</author>
	<file name="catalog/controller/account/forgotten.php">
		<operation>
			<search position="before"><![CDATA[
				return !$this->error;	
			]]></search>
			<add><![CDATA[
				elseif ($this->model_account_customer->getCustomerTypeByEmail($this->request->post['email']) == "livefree") {
				$this->error['warning'] = $this->language->get('error_email_livefree');
			}
			]]></add>
		</operation>
	</file>
	
	<file name="catalog/model/account/customer.php">
		<operation>
			<search position="before"><![CDATA[
				public function isBanIp($ip) {	
			]]></search>
			<add><![CDATA[
				public function getCustomerTypeByEmail($email) {
					$query = $this->db->query("SELECT type FROM " . DB_PREFIX . "customer WHERE LOWER(email) = '" . $this->db->escape(utf8_strtolower($email)) . "'");
					$result = $query->row;
					return $result['type'];
				}
			]]></add>
		</operation>
	</file>
	
	<file name="catalog/language/english/account/forgotten.php">
		<operation>
			<search position="after"><![CDATA[
				$_['error_email']     = 'Warning: The E-Mail Address was not found in our records, please try again!';
			]]></search>
			<add><![CDATA[
				$_['error_email_livefree']     = 'Warning: The E-Mail Address was not found in our records, please try again, please contact customer care!';
			]]></add>
		</operation>
	</file>
</modification>