<modification>
	<id>Admin Modifications</id>
	<version>OC 2</version>
	<vqmver>2.5.0</vqmver>
	<author>Marwa</author>
	<file name="admin/controller/catalog/category.php">
		<operation>
			<search position="after"><![CDATA[
				$this->load->language('catalog/category');	
			]]></search>
			<add><![CDATA[
					$this->load->language('catalog/commission');
					$this->load->model('catalog/commission');
			]]></add>
		</operation>
		
		<operation>
			<search position="replace"><![CDATA[
				$this->model_catalog_category->addCategory($this->request->post);	
			]]></search>
			<add><![CDATA[
			$category_id = $this->model_catalog_category->addCategory($this->request->post);

			if(isset($this->request->post['commission_type']) && $this->request->post['commission_type'] == 0) {
				$data['category_id'] = $category_id;
				$data['company_commission'] = $this->request->post['company_commission_perc'];
				$data['users_commission'] = $this->request->post['users_commission_perc'];
				$data['commission_type'] = "percentage";
				$this->model_catalog_commission->addCategoryCommission($data);
 			} elseif (isset($this->request->post['commission_type']) && $this->request->post['commission_type'] == 1) {
 				$data['category_id'] = $category_id;
				$data['company_commission'] = $this->request->post['company_commission'];
				$data['users_commission'] = $this->request->post['users_commission'];
				$data['commission_type'] = "amount";
				$this->model_catalog_commission->addCategoryCommission($data);
 			}
			]]></add>
		</operation>
		
		<operation>
			<search position="after"><![CDATA[
				$this->model_catalog_category->editCategory($this->request->get['category_id'], $this->request->post);
			]]></search>
			<add><![CDATA[
			    if(isset($this->request->post['commission_type']) && $this->request->post['commission_type'] == 0) {
					$data['category_id'] = $this->request->get['category_id'];
				    $data['company_commission'] = $this->request->post['company_commission_perc'];
				    $data['users_commission'] = $this->request->post['users_commission_perc'];
				    $data['commission_type'] = "percentage";
				    $this->model_catalog_commission->editCategoryCommission($this->request->get['category_id'], $data);
     			} elseif (isset($this->request->post['commission_type']) && $this->request->post['commission_type'] == 1) {
					$data['category_id'] = $this->request->get['category_id'];
				    $data['company_commission'] = $this->request->post['company_commission'];
				    $data['users_commission'] = $this->request->post['users_commission'];
				    $data['commission_type'] = "amount";
				    $this->model_catalog_commission->editCategoryCommission($this->request->get['category_id'], $data);
     			}
			]]></add>
		</operation>
		
		<operation>
			<search position="after"><![CDATA[
				$this->model_catalog_category->deleteCategory($category_id);
			]]></search>
			<add><![CDATA[
                $this->model_catalog_commission->deleteCategoryCommission($category_id);
			]]></add>
		</operation>
		
		<operation>
			<search position="after"><![CDATA[
				'name'        => $result['name'],
			]]></search>
			<add><![CDATA[
                'commission'  => $result['commission'],
			]]></add>
		</operation>	

		<operation>
			<search position="after"><![CDATA[
				$data['column_name'] = $this->language->get('column_name');
			]]></search>
			<add><![CDATA[
                $data['column_commission'] = $this->language->get('column_commission');
			]]></add>
		</operation>
		
		<operation>
			<search position="after"><![CDATA[
				$data['sort_name'] = $this->url->link('catalog/category', 'token=' . $this->session->data['token'] . '&sort=name' . $url, 'SSL');
			]]></search>
			<add><![CDATA[
                $data['sort_commission'] = $this->url->link('catalog/category', 'token=' . $this->session->data['token'] . '&sort=commmission' . $url, 'SSL');
			]]></add>
		</operation>				
		
		
		<operation>
			<search position="after"><![CDATA[
				protected function getForm() {
			]]></search>
			<add><![CDATA[
		        $data['entry_commission'] = $this->language->get('entry_commission');
		        $data['entry_commission_percentage'] = $this->language->get('entry_commission_percentage');
		        $data['entry_commission_money_amount'] = $this->language->get('entry_commission_money_amount');
		        $data['entry_company_commission'] = $this->language->get('entry_company_commission');
		        $data['entry_users_commission'] = $this->language->get('entry_users_commission');
			]]></add>
		</operation>
		
		<operation>
			<search position="after"><![CDATA[
				protected function getForm() {
			]]></search>
			<add><![CDATA[
		        $data['entry_commission'] = $this->language->get('entry_commission');
		        $data['entry_commission_percentage'] = $this->language->get('entry_commission_percentage');
		        $data['entry_commission_money_amount'] = $this->language->get('entry_commission_money_amount');
		        $data['entry_company_commission'] = $this->language->get('entry_company_commission');
		        $data['entry_users_commission'] = $this->language->get('entry_users_commission');
		        
		        if (isset($this->error['commission'])) {
			        $data['error_commission'] = $this->error['commission'];
		        } else {
			        $data['error_commission'] = '';
		        }

		        if (isset($this->error['company_commission'])) {
			        $data['error_company_commission'] = $this->error['company_commission'];
		        } else {
			        $data['error_company_commission'] = '';
		        }

		        if (isset($this->error['users_commission'])) {
			        $data['error_users_commission'] = $this->error['users_commission'];
		        } else {
			        $data['error_users_commission'] = '';
		        }		        
			]]></add>
		</operation>
		
		<operation>
			<search position="after"><![CDATA[
				$category_info = $this->model_catalog_category->getCategory($this->request->get['category_id']);
			]]></search>
			<add><![CDATA[
                $commission_info = $this->model_catalog_commission->getCategoryCommission($this->request->get['category_id']);
			    $data['commission_type'] = $commission_info['commission_type'];
			]]></add>
		</operation>
		
	
		<operation>
			<search position="before"><![CDATA[
				if (isset($this->request->post['parent_id'])) {
			]]></search>
			<add><![CDATA[
		
		        //updated by kareem 
		        if (isset($this->request->post['commission'])) {
					$data['commission'] = $this->request->post['commission'];
				} elseif (!empty($category_info)) {
					$data['commission'] = $category_info['commission'];
				} else {
					$data['commission'] = '';
				}

				if (isset($this->request->post['company_commission_perc'])) {
					$data['company_commission_perc'] = $this->request->post['company_commission_perc'];
				} elseif (!empty($commission_info)) {
					if($commission_info['commission_type'] == 'percentage') {
						$data['company_commission_perc'] = $commission_info['company_commission'];
					} else {
						$data['company_commission_perc'] = '';
					}
				} else {
					$data['company_commission_perc'] = '';
				}


				if (isset($this->request->post['users_commission_perc'])) {
					$data['users_commission_perc'] = $this->request->post['users_commission_perc'];
				} elseif (!empty($commission_info)) {
					if($commission_info['commission_type'] == 'percentage') {
						$data['users_commission_perc'] = $commission_info['users_commission'];
					} else {
						$data['users_commission_perc'] = '';
					}
				} else {
					$data['users_commission_perc'] = '';
				}

				if (isset($this->request->post['company_commission'])) {
					$data['company_commission'] = $this->request->post['company_commission'];
				} elseif (!empty($commission_info)) {
					if($commission_info['commission_type'] == 'amount') {
						$data['company_commission'] = $commission_info['company_commission'];
					} else {
						$data['company_commission'] = '';
					}
				} else {
					$data['company_commission'] = '';
				}

				if (isset($this->request->post['users_commission'])) {
					$data['users_commission'] = $this->request->post['users_commission'];
				} elseif (!empty($commission_info)) {
					if($commission_info['commission_type'] == 'amount') {
						$data['users_commission'] = $commission_info['users_commission'];
					} else {
						$data['users_commission'] = '';
					}
				} else {
					$data['users_commission'] = '';
				}
			]]></add>
		</operation>
		
				
		
														
	</file>
	
	
	<file name="admin/controller/catalog/product.php">
		<operation>
			<search position="after"><![CDATA[
				$this->load->language('catalog/product');	
			]]></search>
			<add><![CDATA[
			    $this->load->language('catalog/commission');
			    $this->load->model('catalog/commission');
			]]></add>
		</operation>
		
		<operation>
			<search position="replace"><![CDATA[
				$this->model_catalog_product->addProduct($this->request->post);	
			]]></search>
			<add><![CDATA[		
			$product_id = $this->model_catalog_product->addProduct($this->request->post);

			if(isset($this->request->post['commission_type']) && $this->request->post['commission_type'] == 0) {
				$data['product_id'] = $product_id;
				$price = $this->request->post['price'];
				$data['price'] = $price;
				$company_commission = $this->request->post['company_commission_perc'];
				$users_commission = $this->request->post['users_commission_perc'];

				if($company_commission > 0) {
 					$company_commission_perc = (($company_commission/100) * $price);	
 				} else {
 					$company_commission_perc = '';
 				}
 				if($users_commission > 0) {
 					$users_commission_perc = (($users_commission/100) * $price);
 				} else {
 					$users_commission_perc = '';
 				}

				$data['company_commission'] = $company_commission_perc;
				$data['users_commission'] = $users_commission_perc;
				$this->model_catalog_commission->addProductCommission($this->request->post['product_category'][0], $data);
 			} elseif (isset($this->request->post['commission_type']) && $this->request->post['commission_type'] == 1) {
 				$data['product_id'] = $product_id;
				$price = $this->request->post['price'];
				$data['price'] = $price;
 				$company_commission = $this->request->post['company_commission'];
 				$users_commission = $this->request->post['users_commission'];
 				if($company_commission) {
 					$company_commission_perc = $company_commission;	
 				} else {
 					$company_commission_perc = '';
 				}
 				if($users_commission) {
 					$users_commission_perc = $users_commission;
 				} else {
 					$users_commission_perc = '';
 				}
 				
				$data['company_commission'] = $company_commission_perc;
				$data['users_commission'] = $users_commission_perc;
				$this->model_catalog_commission->addProductCommission($this->request->post['product_category'][0], $data);
				}
			]]></add>
		</operation>
		
		<operation>
			<search position="after"><![CDATA[
				$this->model_catalog_product->editProduct($this->request->get['product_id'], $this->request->post);	
			]]></search>
			<add><![CDATA[
			    if(isset($this->request->post['commission_type']) && $this->request->post['commission_type'] == 0) {
				    $price = $this->request->post['price'];
					$company_commission = $this->request->post['company_commission_perc'];
					$users_commission = $this->request->post['users_commission_perc'];

					if($company_commission) {
						$company_commission_perc = (($company_commission/100) * $price);	
					} else {
						$company_commission_perc = 0;
					}
					if($users_commission) {
						$users_commission_perc = (($users_commission/100) * $price);
					} else {
						$users_commission_perc = 0;
					}
					$data['product_id'] = $this->request->get['product_id'];
					$data['category_id'] = $this->request->post['product_category'][0];
					$data['company_commission'] = $company_commission_perc;
					$data['users_commission'] = $users_commission_perc;
				    $this->model_catalog_commission->editProductCommission($this->request->get['product_id'], $data);
     			} elseif (isset($this->request->post['commission_type']) && $this->request->post['commission_type'] == 1) {
					$data['product_id'] = $this->request->get['product_id'];
					$data['category_id'] = $this->request->post['product_category'][0];
     				$company_commission = $this->request->post['company_commission'];
					$users_commission = $this->request->post['users_commission'];
					$data['company_commission'] = $company_commission;
					$data['users_commission'] = $users_commission;
				    $this->model_catalog_commission->editProductCommission($this->request->get['product_id'], $data);
     			}
			]]></add>
		</operation>
		
		<operation>
			<search position="after"><![CDATA[
				$this->model_catalog_product->deleteProduct($product_id);	
			]]></search>
			<add><![CDATA[
                $this->model_catalog_commission->deleteProductCommission($product_id);
			]]></add>
		</operation>	
		
		<operation>
			<search position="after"><![CDATA[
				$data['entry_recurring'] = $this->language->get('entry_recurring');	
			]]></search>
			<add><![CDATA[
		        $data['entry_commission'] = $this->language->get('entry_commission');
		        $data['entry_commission_percentage'] = $this->language->get('entry_commission_percentage');
		        $data['entry_commission_money_amount'] = $this->language->get('entry_commission_money_amount');
		        $data['entry_company_commission'] = $this->language->get('entry_company_commission');
		        $data['entry_users_commission'] = $this->language->get('entry_users_commission');
			]]></add>
		</operation>	
		
		<operation>
			<search position="after"><![CDATA[
				$product_info = $this->model_catalog_product->getProduct($this->request->get['product_id']);
			]]></search>
			<add><![CDATA[
			    $commission_info = $this->model_catalog_commission->getProductCommission($this->request->get['product_id']);
			]]></add>
		</operation>
		
		<operation error="log">
			<search position="after"><![CDATA[
				$data['placeholder'] = $this->model_tool_image->resize('no_image.png', 100, 100);	
			]]></search>
			<add><![CDATA[
		        if (isset($this->request->post['company_commission_perc'])) {
					$data['company_commission_perc'] = $this->request->post['company_commission_perc'];
				} elseif (!empty($commission_info)) {
				
					$data['company_commission_perc'] = round(($commission_info['company_commission']/$product_info['price'])*100);
				} else {
					$data['company_commission_perc'] = '';
				}


				if (isset($this->request->post['users_commission_perc'])) {
					$data['users_commission_perc'] = $this->request->post['users_commission_perc'];
				} elseif (!empty($commission_info)) {
					$data['users_commission_perc'] = round(($commission_info['users_commission']/$product_info['price'])*100);
				} else {
					$data['users_commission_perc'] = '';
				}

				if (isset($this->request->post['company_commission'])) {
					$data['company_commission'] = $this->request->post['company_commission'];
				} elseif (!empty($commission_info)) {
					$data['company_commission'] = $commission_info['company_commission'];
				} else {
					$data['company_commission'] = '';
				}

				if (isset($this->request->post['users_commission'])) {
					$data['users_commission'] = $this->request->post['users_commission'];
				} elseif (!empty($commission_info)) {
					$data['users_commission'] = $commission_info['users_commission'];
				} else {
					$data['users_commission'] = '';
				}
			]]></add>
		</operation>										
	</file>
	
	<file name="admin/view/template/catalog/category_form.tpl">
		<operation>
			<search position="before"><![CDATA[
				<label class="col-sm-2 control-label" for="input-filter"><span data-toggle="tooltip" title="<?php echo $help_filter; ?>"><?php echo $entry_filter; ?></span></label>	
			]]></search>
			<add><![CDATA[
			  <div class="form-group">
                <label class="col-sm-2 control-label" for="input-commission"><?php echo $entry_commission; ?></label>
                <div class="col-sm-10">
                  <input type="text" name="commission" value="<?php echo $commission; ?>" placeholder="<?php echo $entry_commission; ?>" id="input-commission" class="form-control" />
                </div>
              </div>
			  

              <div class="form-group">
                <label class="col-sm-2 control-label"><?php echo $entry_commission; ?></label>
                <div class="col-sm-10">
              		<label class="radio-inline">
              			<?php if($commission_type == 'percentage') { ?>
							<input type="radio" name="commission_type" value="0" checked="checked" />
						<?php } else { ?>
							<input type="radio" name="commission_type" value="0" />
						<?php } ?>
						<?php echo $entry_commission_percentage; ?>
					</label>
					<label class="radio-inline">
						<?php if($commission_type == 'amount') { ?>
							<input type="radio" name="commission_type" value="1" checked="checked" />
						<?php } else { ?>
							<input type="radio" name="commission_type" value="1" />
						<?php } ?>
						<?php echo $entry_commission_money_amount; ?>
					</label>
			  	</div>
			  </div>
			  

			  <div class="commission">
			  	<?php if($commission_type == 'percentage') { ?>
			  	<div class="form-group">
               		<label class="col-sm-2 control-label"><?php echo $entry_company_commission;?></label>
               		<div class="col-sm-2">
               			<select name="company_commission_perc" id="input-company-commission" class="form-control">
               			<?php for($i = 0; $i < 101; $i++) { ?>
               				<?php if($i == $company_commission_perc) { ?>
                    			<option value="<?php echo $i;?>" selected="selected"><?php echo $i.' %'; ?></option>
                    		<?php } else { ?>
                    			<option value="<?php echo $i;?>"><?php echo $i.' %'; ?></option>
                    		<?php }?>
                    	<?php } ?>
						</select>               		
               		</div>
                </div>
                <div class="form-group">
               		<label class="col-sm-2 control-label"><?php echo $entry_users_commission;?></label>
               		<div class="col-sm-2">
               			<select name="users_commission_perc" id="input-users-commission" class="form-control">
                    		<?php for($i = 0; $i < 101; $i++) { ?>
                    			<?php if($i == $users_commission_perc) { ?>
                    			<option value="<?php echo $i;?>" selected="selected"><?php echo $i.' %'; ?></option>
                    		<?php } else { ?>
                    			<option value="<?php echo $i;?>"><?php echo $i.' %'; ?></option>
                    		<?php }?>
                    		<?php } ?>
						</select>
               		</div>
                </div>
                <?php } else if($commission_type == 'amount') { ?>
                	<div class="form-group">
               		    <label class="col-sm-2 control-label"><?php echo $entry_company_commission;?></label>
               		    <div class="col-sm-2">
               			    <input type="text" name="company_commission" value="<?php echo $company_commission?>" placeholder="<?php echo $entry_company_commission;?>" class="form-control" id="input-company-commission">
               			</div>
                    </div>
                    <div class="form-group">
               		    <label class="col-sm-2 control-label"><?php echo $entry_users_commission;?></label>
               			<div class="col-sm-2">
               			    <input type="text" name="users_commission" value="<?php echo $users_commission?>" placeholder="<?php echo $entry_users_commission;?>" class="form-control" id="input-users-commission">
						</div>
                    </div>
                <?php } ?>
			  </div>

              <div class="form-group">
			]]></add>
		</operation>
		
		<operation>
			<search position="before"><![CDATA[
				<?php echo $footer; ?>	
			]]></search>
			<add><![CDATA[
<script type="text/javascript">
	//kareem
$(document).on('change', 'input[name=\'commission_type\']', function() {
	var value = this.value;
	var percentageHtml = '<div class="form-group">' + 
               	'<label class="col-sm-2 control-label"><?php echo $entry_company_commission;?></label>' +
               	'<div class="col-sm-2">' +
               	'<select name="company_commission_perc" id="input-company-commission" class="form-control">' +
               	'<?php for($i = 0; $i < 101; $i++) { ?>' + 
                '<?php if($i == $company_commission_perc) { ?>' +
                '<option value="<?php echo $i;?>" selected="selected"><?php echo $i.' %'; ?></option>' +
                '<?php } else { ?>' +
                '<option value="<?php echo $i;?>"><?php echo $i.' %'; ?></option>' +
                '<?php } ?>' + 
                '<?php } ?>' +
				'</select>' +                		
               	'</div>' +
                '</div>' +
                '<div class="form-group">' +
               	'<label class="col-sm-2 control-label"><?php echo $entry_users_commission;?></label>'+
               	'<div class="col-sm-2">' + 
               	'<select name="users_commission_perc" id="input-users-commission" class="form-control">' +
                '<?php for($i = 0; $i < 101; $i++) { ?>' +
                '<?php if($i == $users_commission_perc) { ?>' +
                '<option value="<?php echo $i;?>" selected="selected"><?php echo $i.' %'; ?></option>' +
                '<?php } else { ?>' +
                '<option value="<?php echo $i;?>"><?php echo $i.' %'; ?></option>' +
                '<?php } ?>' +
                '<?php } ?>' +
				'</select>' + 
               	'</div>' +
                '</div>';

    var moneyAmountHtml = '<div class="form-group">' +
               		      '<label class="col-sm-2 control-label"><?php echo $entry_company_commission;?></label>' +
               		      '<div class="col-sm-2">' +
               			  '<input type="text" name="company_commission" value="<?php echo $company_commission?>" '+
               			  'placeholder="<?php echo $entry_company_commission;?>" class="form-control" id="input-company-commission">'+
               			  '</div>' +
                          '</div>' +
                          '<div class="form-group">' +
               		      '<label class="col-sm-2 control-label"><?php echo $entry_users_commission;?></label>' +
               			  '<div class="col-sm-2">' +
               			  '<input type="text" name="users_commission" value="<?php echo $users_commission?>" ' + 
               			  'placeholder="<?php echo $entry_users_commission;?>" class="form-control" id="input-users-commission">' +
						  '</div>' +
                          '</div>';

	if(value == 0) {
		$('.commission').html(percentageHtml);
	} else if(value == 1) {
		$('.commission').html(moneyAmountHtml);
	}
});
</script>
			]]></add>
		</operation>				
    </file>
    
	<file name="admin/view/template/catalog/product_form.tpl">
		<operation>
			<search position="before" index="3"><![CDATA[
				<div class="form-group required">	
			]]></search>
			<add><![CDATA[
              <?php // Kareem ?>
              <div class="form-group">
                <label class="col-sm-2 control-label"><?php echo $entry_commission; ?></label>
                <div class="col-sm-10">
                  <label class="radio-inline">
                    <input type="radio" name="commission_type" value="0" checked="checked" />
                  <?php echo $entry_commission_percentage; ?>
                  </label>
                  <label class="radio-inline">
                    <input type="radio" name="commission_type" value="1" />
                  <?php echo $entry_commission_money_amount; ?>
                  </label>
                </div>
              </div>

              <div class="commission">
                  <div class="form-group">
                    <label class="col-sm-2 control-label"><?php echo $entry_company_commission;?></label>
                    <div class="col-sm-2">
                      <select name="company_commission_perc" id="input-company-commission" class="form-control">
                      <?php for($i = 0; $i < 101; $i++) { ?>
                        <?php if($i == $company_commission_perc) { ?>
                          <option value="<?php echo $i;?>" selected="selected"><?php echo $i.' %'; ?></option>
                        <?php } else { ?>
                          <option value="<?php echo $i;?>"><?php echo $i.' %'; ?></option>
                        <?php }?>
                      <?php } ?>
                      </select>                   
                    </div>
                  </div>
                  <div class="form-group">
                  <label class="col-sm-2 control-label"><?php echo $entry_users_commission;?></label>
                  <div class="col-sm-2">
                    <select name="users_commission_perc" id="input-users-commission" class="form-control">
                        <?php for($i = 0; $i < 101; $i++) { ?>
                          <?php if($i == $users_commission_perc) { ?>
                          <option value="<?php echo $i;?>" selected="selected"><?php echo $i.' %'; ?></option>
                          <?php } else { ?>
                          <option value="<?php echo $i;?>"><?php echo $i.' %'; ?></option>
                        <?php }?>
                        <?php } ?>
                    </select>
                  </div>
                  </div>
              </div>
              <?php //?>
			]]></add>
		</operation>
		
		<operation>
			<search position="before"><![CDATA[
				<?php echo $footer; ?>	
			]]></search>
			<add><![CDATA[
<script type="text/javascript">
  //kareem
$(document).on('change', 'input[name=\'commission_type\']', function() {
  var value = this.value;
  var percentageHtml = '<div class="form-group">' + 
                '<label class="col-sm-2 control-label"><?php echo $entry_company_commission;?></label>' +
                '<div class="col-sm-2">' +
                '<select name="company_commission_perc" id="input-company-commission" class="form-control">' +
                '<?php for($i = 0; $i < 101; $i++) { ?>' + 
                '<?php if($i == $company_commission_perc) { ?>' +
                '<option value="<?php echo $i;?>" selected="selected"><?php echo $i.' %'; ?></option>' +
                '<?php } else { ?>' +
                '<option value="<?php echo $i;?>"><?php echo $i.' %'; ?></option>' +
                '<?php } ?>' + 
                '<?php } ?>' +
        '</select>' +                   
                '</div>' +
                '</div>' +
                '<div class="form-group">' +
                '<label class="col-sm-2 control-label"><?php echo $entry_users_commission;?></label>'+
                '<div class="col-sm-2">' + 
                '<select name="users_commission_perc" id="input-users-commission" class="form-control">' +
                '<?php for($i = 0; $i < 101; $i++) { ?>' +
                '<?php if($i == $users_commission_perc) { ?>' +
                '<option value="<?php echo $i;?>" selected="selected"><?php echo $i.' %'; ?></option>' +
                '<?php } else { ?>' +
                '<option value="<?php echo $i;?>"><?php echo $i.' %'; ?></option>' +
                '<?php } ?>' +
                '<?php } ?>' +
        '</select>' + 
                '</div>' +
                '</div>';

    var moneyAmountHtml = '<div class="form-group">' +
                        '<label class="col-sm-2 control-label"><?php echo $entry_company_commission;?></label>' +
                        '<div class="col-sm-2">' +
                      '<input type="text" name="company_commission" value="<?php echo $company_commission?>" '+
                      'placeholder="<?php echo $entry_company_commission;?>" class="form-control" id="input-company-commission">'+
                      '</div>' +
                          '</div>' +
                          '<div class="form-group">' +
                        '<label class="col-sm-2 control-label"><?php echo $entry_users_commission;?></label>' +
                      '<div class="col-sm-2">' +
                      '<input type="text" name="users_commission" value="<?php echo $users_commission?>" ' + 
                      'placeholder="<?php echo $entry_users_commission;?>" class="form-control" id="input-users-commission">' +
              '</div>' +
                          '</div>';

  if(value == 0) {
    $('.commission').html(percentageHtml);
  } else if(value == 1) {
    $('.commission').html(moneyAmountHtml);
  }
});
</script>
			]]></add>
		</operation>		
    </file>		    		
</modification>
