<?xml version="1.0" encoding="UTF-8"?>
<modification>
	<id>Products Quick View 1.5.6</id>
	<version>1.0</version>
	<vqmver>2.4.1</vqmver>
	<author>www.best-byte.com</author>
<file name="catalog/controller/product/product.php">
	<operation error="log">
		<search position="before"><![CDATA[					
		'href'        => $this->url->link('product/product', 'product_id=' . $result['product_id'])
		]]></search>
		<add><![CDATA[
		'quickview'        => $this->url->link('product/quickview', 'product_id=' . $result['product_id'], '', 'SSL'),
		]]></add>
	</operation>
</file>
<file name="catalog/controller/product/category.php">
	<operation error="log">
		<search position="before"><![CDATA[					
		'href'        => $this->url->link('product/product', 'path=' . $this->request->get['path'] . '&product_id=' . $result['product_id'] . $url)
		]]></search>
		<add><![CDATA[
		'quickview'        => $this->url->link('product/quickview', 'product_id=' . $result['product_id'], '', 'SSL'),
		]]></add>
	</operation>
</file>
<file name="catalog/controller/product/manufacturer.php">	
	<operation error="log">
		<search position="before"><![CDATA[					
		'href'        => $this->url->link('product/product', 'manufacturer_id=' . $result['manufacturer_id'] . '&product_id=' . $result['product_id'] . $url)
		]]></search>
		<add><![CDATA[
		'quickview'        => $this->url->link('product/quickview', '&manufacturer_id=' . $result['manufacturer_id'] . '&product_id=' . $result['product_id'] . $url, '', 'SSL'),
		]]></add>
	</operation>
</file>
<file name="catalog/controller/product/search.php">	
	<operation error="log">
		<search position="before"><![CDATA[					
		'href'        => $this->url->link('product/product', 'product_id=' . $result['product_id'] . $url)
		]]></search>
		<add><![CDATA[
		'quickview'        => $this->url->link('product/quickview', 'product_id=' . $result['product_id'] . $url, '', 'SSL'),
		]]></add>
	</operation>
</file>
<file name="catalog/controller/product/special.php">	
	<operation error="log">
		<search position="before"><![CDATA[					
		'href'        => $this->url->link('product/product', 'product_id=' . $result['product_id'] . $url)
		]]></search>
		<add><![CDATA[
		'quickview'        => $this->url->link('product/quickview', 'product_id=' . $result['product_id'] . $url, '', 'SSL'),
		]]></add>
	</operation>
</file>
<file name="catalog/view/theme/cosyone/template/product/quickview.tpl">
    <operation error="log">
            <search position="replace"><![CDATA[ 					
            <div class="addthis_toolbox addthis_default_style addthis_32x32_style">
            ]]></search>
            <add><![CDATA[
            <div class="addthis_toolbox addthis_default_style addthis_32x32_style" addthis:url="<?= $share_url ?>" addthis:description="<?= $share_description ?>" addthis:image="<?= $thumb ?>">
            ]]></add>
    </operation>
</file>


<file name="catalog/controller/product/quickview.php">
    <operation error="log">
            <search position="after"><![CDATA[					
            $this->model_catalog_product->updateViewed($this->request->get['product_id']);
            ]]></search>
            <add><![CDATA[
                $share_description = utf8_substr(strip_tags(html_entity_decode($data['description'], ENT_QUOTES, 'UTF-8')), 0, $this->config->get('config_product_description_length')) . '..';
                if(isset($this->session->data['customer_id'])) $user_id = $this->session->data['customer_id'];
                else $user_id = "";
                $shareoptions = base64_encode(serialize(array('product_id' => $this->request->get['product_id'],'user_id' => $user_id,'quantity' => 1)));
                $data['share_url'] = $this->url->link('liveshop/product/addPromotedBy&shareoptions='.$shareoptions, '', 'SSL');
                $data['share_description'] = "$share_description";
            ]]>
            </add>
    </operation>
</file>



</modification>
