<modification>
	<id>Restrict Categories for Logged Users</id>
	<version>2</version>
	<vqmver>2.5.0</vqmver>
	<author>Kareem</author>
	<!-- Restrict Categories for Logged Users -->
	<file name="catalog/model/catalog/category.php">
		<operation>
			<search position="replace" offset="2"><![CDATA[
				$query = $this->db->query("SELECT DISTINCT * FROM " . DB_PREFIX . "category c LEFT JOIN " . DB_PREFIX . "category_description cd ON (c.category_id = cd.category_id) LEFT JOIN " . DB_PREFIX . "category_to_store c2s ON (c.category_id = c2s.category_id) WHERE c.category_id = '" . (int)$category_id . "' AND cd.language_id = '" . (int)$this->config->get('config_language_id') . "' AND c2s.store_id = '" . (int)$this->config->get('config_store_id') . "' AND c.status = '1'");
			]]></search>
			<add><![CDATA[
				$restricted_categories = array();
				$restricted_categories = explode('-', RESTRICTED_CATEGORIES);
				if(!$this->customer->isLogged() && !in_array($category_id, $restricted_categories)) {
					$query = $this->db->query("SELECT DISTINCT * FROM " . DB_PREFIX . "category c LEFT JOIN " . DB_PREFIX . "category_description cd ON (c.category_id = cd.category_id) LEFT JOIN " . DB_PREFIX . "category_to_store c2s ON (c.category_id = c2s.category_id) WHERE c.category_id = '" . (int)$category_id . "' AND cd.language_id = '" . (int)$this->config->get('config_language_id') . "' AND c2s.store_id = '" . (int)$this->config->get('config_store_id') . "' AND c.status = '1'");
					return $query->row;
				} else if(!$this->customer->isLogged() && in_array($category_id, $restricted_categories)) {
					return array();
				} else {
					$query = $this->db->query("SELECT DISTINCT * FROM " . DB_PREFIX . "category c LEFT JOIN " . DB_PREFIX . "category_description cd ON (c.category_id = cd.category_id) LEFT JOIN " . DB_PREFIX . "category_to_store c2s ON (c.category_id = c2s.category_id) WHERE c.category_id = '" . (int)$category_id . "' AND cd.language_id = '" . (int)$this->config->get('config_language_id') . "' AND c2s.store_id = '" . (int)$this->config->get('config_store_id') . "' AND c.status = '1'");
					return $query->row;
				}
			]]></add>
		</operation>
		
		<operation>
			<search position="replace" offset="2"><![CDATA[
				$query = $this->db->query("SELECT * FROM " . DB_PREFIX . "category c LEFT JOIN " . DB_PREFIX . "category_description cd ON (c.category_id = cd.category_id) LEFT JOIN " . DB_PREFIX . "category_to_store c2s ON (c.category_id = c2s.category_id) WHERE c.parent_id = '" . (int)$parent_id . "' AND cd.language_id = '" . (int)$this->config->get('config_language_id') . "' AND c2s.store_id = '" . (int)$this->config->get('config_store_id') . "'  AND c.status = '1' ORDER BY c.sort_order, LCASE(cd.name)");
			]]></search>
			<add><![CDATA[
				$restricted_categories = array();
				$restricted_categories = explode('-', RESTRICTED_CATEGORIES);
				$cat = array();
				$cates = array();
				$query = $this->db->query("SELECT * FROM " . DB_PREFIX . "category c LEFT JOIN " . DB_PREFIX . "category_description cd ON (c.category_id = cd.category_id) LEFT JOIN " . DB_PREFIX . "category_to_store c2s ON (c.category_id = c2s.category_id) WHERE c.parent_id = '" . (int)$parent_id . "' AND cd.language_id = '" . (int)$this->config->get('config_language_id') . "' AND c2s.store_id = '" . (int)$this->config->get('config_store_id') . "'  AND c.status = '1' ORDER BY c.sort_order, LCASE(cd.name)");
				$categories = $query->rows;
				foreach ($categories as $category) {
					if(!$this->customer->isLogged() && !in_array($category['category_id'], $restricted_categories)) {
						$cat = $category;
					} else if(!$this->customer->isLogged() && in_array($category['category_id'], $restricted_categories)) {
			
					} else {
						$cat = $category;
					}
					$cates[] = $cat;
				}
				return $cates;
				
			]]></add>
		</operation>
	</file>
	<file name="catalog/controller/product/product.php">
		<operation>
			<search position="before"><![CDATA[
				$product_info = $this->model_catalog_product->getProduct($product_id);
			]]></search>
			<add><![CDATA[
				$categories  = $this->model_catalog_product->getCategories($product_id);
				$category_id = $categories[0]['category_id'];
				$restricted_categories = array();
				$restricted_categories = explode('-', RESTRICTED_CATEGORIES);
				if(!$this->customer->isLogged() && !in_array($category_id, $restricted_categories)) {
			]]></add>
		</operation>
		<operation>
			<search position="after"><![CDATA[
				$product_info = $this->model_catalog_product->getProduct($product_id);
			]]></search>
			<add><![CDATA[	
				} else if(!$this->customer->isLogged() && in_array($category_id, $restricted_categories)) {
					$product_info = array();
				} else {
					$product_info = $this->model_catalog_product->getProduct($product_id);
				}
			]]></add>
		</operation>
	</file>
	<file name="catalog/model/catalog/product.php">
		<operation>
			<search position="replace"><![CDATA[
				$product_data = $this->cache->get('product.latest.' . (int)$this->config->get('config_language_id') . '.' . (int)$this->config->get('config_store_id') . '.' . $this->config->get('config_customer_group_id') . '.' . (int)$limit);
			]]></search>
			<add><![CDATA[	
				//$product_data = $this->cache->get('product.latest.' . (int)$this->config->get('config_language_id') . '.' . (int)$this->config->get('config_store_id') . '.' . $this->config->get('config_customer_group_id') . '.' . (int)$limit);
			]]></add>
		</operation>
		<operation>
			<search position="replace"><![CDATA[
				$query = $this->db->query("SELECT p.product_id FROM " . DB_PREFIX . "product p LEFT JOIN " . DB_PREFIX . "product_to_store p2s ON (p.product_id = p2s.product_id) WHERE p.status = '1' AND p.date_available <= NOW() AND p2s.store_id = '" . (int)$this->config->get('config_store_id') . "' ORDER BY p.date_added DESC LIMIT " . (int)$limit);
			]]></search>
			<add><![CDATA[	
				$restricted_categories = array();
				$restricted_categories = explode('-', RESTRICTED_CATEGORIES);
				if(!$this->customer->isLogged()) {
				$query = $this->db->query("SELECT p.product_id FROM " . DB_PREFIX . "product p LEFT JOIN " . DB_PREFIX . "product_to_store p2s ON (p.product_id = p2s.product_id) LEFT JOIN " . DB_PREFIX . "product_to_category p2c ON (p.product_id = p2c.product_id) WHERE p2c.category_id NOT IN ( '" . implode($restricted_categories, "', '") . "' ) AND p.status = '1' AND p.date_available <= NOW() AND p2s.store_id = '" . (int)$this->config->get('config_store_id') . "' ORDER BY p.date_added DESC LIMIT " . (int)$limit);
			} else {
				$query = $this->db->query("SELECT p.product_id FROM " . DB_PREFIX . "product p LEFT JOIN " . DB_PREFIX . "product_to_store p2s ON (p.product_id = p2s.product_id) WHERE p.status = '1' AND p.date_available <= NOW() AND p2s.store_id = '" . (int)$this->config->get('config_store_id') . "' ORDER BY p.date_added DESC LIMIT " . (int)$limit);
			}
			]]></add>
		</operation>
	</file>
</modification>